id,reference_number,business_name,address,total_paid,mode_of_payment,status,is_received,created,wholesaler_id,success
1,P3SLR,Tailor Industries,"Lot 8 Almond Street,Zamboanga City,Zamboanga Peninsula,Canelar",201250,Cash on Delivery,completed,1,2022-11-04,6,1
2,3OIKG,Tailor Industries,"Lot 8 Almond Street,Zamboanga City,Zamboanga Peninsula,Canelar",218750,Cash on Delivery,completed,1,2022-11-11,6,1
3,TWDM8,J&D Merchandises,"Blk 02 Shelby Drive,Zamboanga City,Zamboanga Peninsula,Labuan",201250,Cash on Delivery,completed,1,2022-11-18,6,1
4,1JNKM,J&D Merchandises,"Blk 02 Shelby Drive,Zamboanga City,Zamboanga Peninsula,Labuan",218750,Credit Card/Debit Card,completed,1,2022-11-25,6,1
5,BGFVX,The Golden Store,"11-1 Beverly Hills,Zamboanga City,Zamboanga Peninsula,ZoneIV",201250,Cash on Delivery,completed,1,2022-12-02,6,1
6,6UANL,J&D Merchandises,"Blk 02 Shelby Drive,Zamboanga City,Zamboanga Peninsula,Labuan",201250,Credit Card/Debit Card,completed,1,2022-12-09,6,1
7,PH9MJ,The Golden Store,"11-1 Beverly Hills,Zamboanga City,Zamboanga Peninsula,ZoneIV",218750,Credit Card/Debit Card,completed,1,2022-12-16,6,1
8,9QZZJ,Tailor Industries,"Lot 8 Almond Street,Zamboanga City,Zamboanga Peninsula,Canelar",192500,Credit Card/Debit Card,completed,1,2022-12-23,6,1
9,22W8H,J&D Merchandises,"Blk 02 Shelby Drive,Zamboanga City,Zamboanga Peninsula,Labuan",210000,Cash on Delivery,completed,1,2022-12-30,6,1
10,QWVNL,Tailor Industries,"Lot 8 Almond Street,Zamboanga City,Zamboanga Peninsula,Canelar",218750,Credit Card/Debit Card,completed,1,2023-01-06,6,1
11,YD44W,The Golden Store,"11-1 Beverly Hills,Zamboanga City,Zamboanga Peninsula,ZoneIV",210000,Cash on Delivery,completed,1,2023-01-13,6,1
12,C0SWB,The Golden Store,"11-1 Beverly Hills,Zamboanga City,Zamboanga Peninsula,ZoneIV",218750,Credit Card/Debit Card,completed,1,2023-01-20,6,1
13,VAY8U,Tailor Industries,"Lot 8 Almond Street,Zamboanga City,Zamboanga Peninsula,Canelar",192500,Credit Card/Debit Card,completed,1,2023-01-27,6,1
14,8YXUA,J&D Merchandises,"Blk 02 Shelby Drive,Zamboanga City,Zamboanga Peninsula,Labuan",218750,Credit Card/Debit Card,completed,1,2023-02-03,6,1
15,7NZIL,Tailor Industries,"Lot 8 Almond Street,Zamboanga City,Zamboanga Peninsula,Canelar",210000,Cash on Delivery,completed,1,2023-02-10,6,1
16,NOFGN,Tailor Industries,"Lot 8 Almond Street,Zamboanga City,Zamboanga Peninsula,Canelar",218750,Credit Card/Debit Card,completed,1,2023-02-17,6,1
17,HLC7T,J&D Merchandises,"Blk 02 Shelby Drive,Zamboanga City,Zamboanga Peninsula,Labuan",201250,Cash on Delivery,completed,1,2023-02-24,6,1
18,YYNVP,J&D Merchandises,"Blk 02 Shelby Drive,Zamboanga City,Zamboanga Peninsula,Labuan",210000,Cash on Delivery,completed,1,2022-11-04,6,1
19,8X99L,The Golden Store,"11-1 Beverly Hills,Zamboanga City,Zamboanga Peninsula,ZoneIV",192500,Credit Card/Debit Card,completed,1,2022-11-11,6,1
20,LF3S3,J&D Merchandises,"Blk 02 Shelby Drive,Zamboanga City,Zamboanga Peninsula,Labuan",218750,Cash on Delivery,completed,1,2022-11-18,6,1
21,YINT3,J&D Merchandises,"Blk 02 Shelby Drive,Zamboanga City,Zamboanga Peninsula,Labuan",218750,Cash on Delivery,completed,1,2022-11-25,6,1
22,69DER,Tailor Industries,"Lot 8 Almond Street,Zamboanga City,Zamboanga Peninsula,Canelar",192500,Cash on Delivery,completed,1,2022-12-02,6,1
23,SXYRP,The Golden Store,"11-1 Beverly Hills,Zamboanga City,Zamboanga Peninsula,ZoneIV",210000,Credit Card/Debit Card,completed,1,2022-12-09,6,1
24,HUBQY,J&D Merchandises,"Blk 02 Shelby Drive,Zamboanga City,Zamboanga Peninsula,Labuan",201250,Cash on Delivery,completed,1,2022-12-16,6,1
25,U0QBY,Tailor Industries,"Lot 8 Almond Street,Zamboanga City,Zamboanga Peninsula,Canelar",210000,Credit Card/Debit Card,completed,1,2022-12-23,6,1
26,NQSJ5,The Golden Store,"11-1 Beverly Hills,Zamboanga City,Zamboanga Peninsula,ZoneIV",192500,Credit Card/Debit Card,completed,1,2022-12-30,6,1
27,QZ7IV,Tailor Industries,"Lot 8 Almond Street,Zamboanga City,Zamboanga Peninsula,Canelar",201250,Cash on Delivery,completed,1,2023-01-06,6,1
28,USUA0,Tailor Industries,"Lot 8 Almond Street,Zamboanga City,Zamboanga Peninsula,Canelar",201250,Credit Card/Debit Card,completed,1,2023-01-13,6,1
29,RT4AD,Tailor Industries,"Lot 8 Almond Street,Zamboanga City,Zamboanga Peninsula,Canelar",192500,Credit Card/Debit Card,completed,1,2023-01-20,6,1
30,5O4HO,Tailor Industries,"Lot 8 Almond Street,Zamboanga City,Zamboanga Peninsula,Canelar",201250,Cash on Delivery,completed,1,2023-01-27,6,1
31,6OFIC,J&D Merchandises,"Blk 02 Shelby Drive,Zamboanga City,Zamboanga Peninsula,Labuan",192500,Cash on Delivery,completed,1,2023-02-03,6,1
32,5NMSG,Tailor Industries,"Lot 8 Almond Street,Zamboanga City,Zamboanga Peninsula,Canelar",218750,Cash on Delivery,completed,1,2023-02-10,6,1
33,U8ORJ,The Golden Store,"11-1 Beverly Hills,Zamboanga City,Zamboanga Peninsula,ZoneIV",218750,Credit Card/Debit Card,completed,1,2023-02-17,6,1
34,7IYTF,J&D Merchandises,"Blk 02 Shelby Drive,Zamboanga City,Zamboanga Peninsula,Labuan",218750,Credit Card/Debit Card,completed,1,2023-02-24,6,1
35,ZN9ZO,The Golden Store,"11-1 Beverly Hills,Zamboanga City,Zamboanga Peninsula,ZoneIV",218750,Credit Card/Debit Card,completed,1,2022-11-04,6,1
36,CPKZD,Tailor Industries,"Lot 8 Almond Street,Zamboanga City,Zamboanga Peninsula,Canelar",218750,Credit Card/Debit Card,completed,1,2022-11-11,6,1
37,2V9X1,Tailor Industries,"Lot 8 Almond Street,Zamboanga City,Zamboanga Peninsula,Canelar",210000,Credit Card/Debit Card,completed,1,2022-11-18,6,1
38,29E2S,The Golden Store,"11-1 Beverly Hills,Zamboanga City,Zamboanga Peninsula,ZoneIV",192500,Cash on Delivery,completed,1,2022-11-25,6,1
39,6MXQV,Tailor Industries,"Lot 8 Almond Street,Zamboanga City,Zamboanga Peninsula,Canelar",218750,Cash on Delivery,completed,1,2022-12-02,6,1
40,JMRO5,Tailor Industries,"Lot 8 Almond Street,Zamboanga City,Zamboanga Peninsula,Canelar",218750,Credit Card/Debit Card,completed,1,2022-12-09,6,1
41,7HKG0,Tailor Industries,"Lot 8 Almond Street,Zamboanga City,Zamboanga Peninsula,Canelar",192500,Cash on Delivery,completed,1,2022-12-16,6,1
42,VOQEL,Tailor Industries,"Lot 8 Almond Street,Zamboanga City,Zamboanga Peninsula,Canelar",218750,Cash on Delivery,completed,1,2022-12-23,6,1
43,W4RE2,The Golden Store,"11-1 Beverly Hills,Zamboanga City,Zamboanga Peninsula,ZoneIV",218750,Credit Card/Debit Card,completed,1,2022-12-30,6,1
44,EC8UG,Tailor Industries,"Lot 8 Almond Street,Zamboanga City,Zamboanga Peninsula,Canelar",201250,Credit Card/Debit Card,completed,1,2023-01-06,6,1
45,GTV5M,Tailor Industries,"Lot 8 Almond Street,Zamboanga City,Zamboanga Peninsula,Canelar",210000,Cash on Delivery,completed,1,2023-01-13,6,1
46,J5PQT,J&D Merchandises,"Blk 02 Shelby Drive,Zamboanga City,Zamboanga Peninsula,Labuan",218750,Cash on Delivery,completed,1,2023-01-20,6,1
47,FISN1,Tailor Industries,"Lot 8 Almond Street,Zamboanga City,Zamboanga Peninsula,Canelar",210000,Cash on Delivery,completed,1,2023-01-27,6,1
48,QMGBG,The Golden Store,"11-1 Beverly Hills,Zamboanga City,Zamboanga Peninsula,ZoneIV",210000,Cash on Delivery,completed,1,2023-02-03,6,1
49,2OP2Q,Tailor Industries,"Lot 8 Almond Street,Zamboanga City,Zamboanga Peninsula,Canelar",192500,Cash on Delivery,completed,1,2023-02-10,6,1
50,JVECG,Tailor Industries,"Lot 8 Almond Street,Zamboanga City,Zamboanga Peninsula,Canelar",218750,Cash on Delivery,completed,1,2023-02-17,6,1
51,QGO74,Tailor Industries,"Lot 8 Almond Street,Zamboanga City,Zamboanga Peninsula,Canelar",218750,Cash on Delivery,completed,1,2023-02-24,6,1
52,3Z4IK,Tailor Industries,"Lot 8 Almond Street,Zamboanga City,Zamboanga Peninsula,Canelar",218750,Cash on Delivery,completed,1,2022-11-04,6,1
53,JL58U,Tailor Industries,"Lot 8 Almond Street,Zamboanga City,Zamboanga Peninsula,Canelar",210000,Cash on Delivery,completed,1,2022-11-11,6,1
54,25SEH,The Golden Store,"11-1 Beverly Hills,Zamboanga City,Zamboanga Peninsula,ZoneIV",201250,Cash on Delivery,completed,1,2022-11-18,6,1
55,O9ZTO,The Golden Store,"11-1 Beverly Hills,Zamboanga City,Zamboanga Peninsula,ZoneIV",218750,Cash on Delivery,completed,1,2022-11-25,6,1
56,QVWIQ,Tailor Industries,"Lot 8 Almond Street,Zamboanga City,Zamboanga Peninsula,Canelar",218750,Cash on Delivery,completed,1,2022-12-02,6,1
57,YVL9B,J&D Merchandises,"Blk 02 Shelby Drive,Zamboanga City,Zamboanga Peninsula,Labuan",201250,Cash on Delivery,completed,1,2022-12-09,6,1
58,OOA2Y,The Golden Store,"11-1 Beverly Hills,Zamboanga City,Zamboanga Peninsula,ZoneIV",201250,Credit Card/Debit Card,completed,1,2022-12-16,6,1
59,4TU4G,Tailor Industries,"Lot 8 Almond Street,Zamboanga City,Zamboanga Peninsula,Canelar",218750,Credit Card/Debit Card,completed,1,2022-12-23,6,1
60,FZXBA,J&D Merchandises,"Blk 02 Shelby Drive,Zamboanga City,Zamboanga Peninsula,Labuan",218750,Cash on Delivery,completed,1,2022-12-30,6,1
61,R9E7I,Tailor Industries,"Lot 8 Almond Street,Zamboanga City,Zamboanga Peninsula,Canelar",218750,Cash on Delivery,completed,1,2023-01-06,6,1
62,P2G3A,Tailor Industries,"Lot 8 Almond Street,Zamboanga City,Zamboanga Peninsula,Canelar",218750,Credit Card/Debit Card,completed,1,2023-01-13,6,1
63,8C8ZL,J&D Merchandises,"Blk 02 Shelby Drive,Zamboanga City,Zamboanga Peninsula,Labuan",201250,Cash on Delivery,completed,1,2023-01-20,6,1
64,WK6MJ,The Golden Store,"11-1 Beverly Hills,Zamboanga City,Zamboanga Peninsula,ZoneIV",218750,Credit Card/Debit Card,completed,1,2023-01-27,6,1
65,PMCQ1,J&D Merchandises,"Blk 02 Shelby Drive,Zamboanga City,Zamboanga Peninsula,Labuan",218750,Cash on Delivery,completed,1,2023-02-03,6,1
66,V1U0J,The Golden Store,"11-1 Beverly Hills,Zamboanga City,Zamboanga Peninsula,ZoneIV",201250,Credit Card/Debit Card,completed,1,2023-02-10,6,1
67,KBREA,The Golden Store,"11-1 Beverly Hills,Zamboanga City,Zamboanga Peninsula,ZoneIV",218750,Cash on Delivery,completed,1,2023-02-17,6,1
68,RLL2S,The Golden Store,"11-1 Beverly Hills,Zamboanga City,Zamboanga Peninsula,ZoneIV",192500,Credit Card/Debit Card,completed,1,2023-02-24,6,1
69,DOSWB,Tailor Industries,"Lot 8 Almond Street,Zamboanga City,Zamboanga Peninsula,Canelar",201250,Cash on Delivery,completed,1,2022-11-05,6,1
70,CLVQ2,J&D Merchandises,"Blk 02 Shelby Drive,Zamboanga City,Zamboanga Peninsula,Labuan",192500,Credit Card/Debit Card,completed,1,2022-11-12,6,1
71,69CW4,Tailor Industries,"Lot 8 Almond Street,Zamboanga City,Zamboanga Peninsula,Canelar",201250,Cash on Delivery,completed,1,2022-11-19,6,1
72,83OHW,The Golden Store,"11-1 Beverly Hills,Zamboanga City,Zamboanga Peninsula,ZoneIV",201250,Cash on Delivery,completed,1,2022-11-26,6,1
73,N1BMG,Tailor Industries,"Lot 8 Almond Street,Zamboanga City,Zamboanga Peninsula,Canelar",192500,Credit Card/Debit Card,completed,1,2022-12-03,6,1
74,GJV7N,Tailor Industries,"Lot 8 Almond Street,Zamboanga City,Zamboanga Peninsula,Canelar",218750,Credit Card/Debit Card,completed,1,2022-12-10,6,1
75,C1AZS,Tailor Industries,"Lot 8 Almond Street,Zamboanga City,Zamboanga Peninsula,Canelar",218750,Credit Card/Debit Card,completed,1,2022-12-17,6,1
76,SAFW2,Tailor Industries,"Lot 8 Almond Street,Zamboanga City,Zamboanga Peninsula,Canelar",210000,Credit Card/Debit Card,completed,1,2022-12-24,6,1
77,X8DBR,Tailor Industries,"Lot 8 Almond Street,Zamboanga City,Zamboanga Peninsula,Canelar",218750,Cash on Delivery,completed,1,2022-12-31,6,1
78,BEL3Z,The Golden Store,"11-1 Beverly Hills,Zamboanga City,Zamboanga Peninsula,ZoneIV",218750,Credit Card/Debit Card,completed,1,2023-01-07,6,1
79,WK7DG,The Golden Store,"11-1 Beverly Hills,Zamboanga City,Zamboanga Peninsula,ZoneIV",192500,Cash on Delivery,completed,1,2023-01-14,6,1
80,SMFFF,J&D Merchandises,"Blk 02 Shelby Drive,Zamboanga City,Zamboanga Peninsula,Labuan",192500,Credit Card/Debit Card,completed,1,2023-01-21,6,1
81,LD0GW,J&D Merchandises,"Blk 02 Shelby Drive,Zamboanga City,Zamboanga Peninsula,Labuan",210000,Credit Card/Debit Card,completed,1,2023-01-28,6,1
82,F1AWO,J&D Merchandises,"Blk 02 Shelby Drive,Zamboanga City,Zamboanga Peninsula,Labuan",192500,Credit Card/Debit Card,completed,1,2023-02-04,6,1
83,U1HP6,The Golden Store,"11-1 Beverly Hills,Zamboanga City,Zamboanga Peninsula,ZoneIV",201250,Credit Card/Debit Card,completed,1,2023-02-11,6,1
84,YN4ZS,Tailor Industries,"Lot 8 Almond Street,Zamboanga City,Zamboanga Peninsula,Canelar",218750,Credit Card/Debit Card,completed,1,2023-02-18,6,1
85,0JK2T,Tailor Industries,"Lot 8 Almond Street,Zamboanga City,Zamboanga Peninsula,Canelar",218750,Credit Card/Debit Card,completed,1,2023-02-25,6,1
86,GEMCW,J&D Merchandises,"Blk 02 Shelby Drive,Zamboanga City,Zamboanga Peninsula,Labuan",192500,Cash on Delivery,completed,1,2022-11-05,6,1
87,IPN4V,J&D Merchandises,"Blk 02 Shelby Drive,Zamboanga City,Zamboanga Peninsula,Labuan",210000,Cash on Delivery,completed,1,2022-11-12,6,1
88,AIM30,J&D Merchandises,"Blk 02 Shelby Drive,Zamboanga City,Zamboanga Peninsula,Labuan",218750,Credit Card/Debit Card,completed,1,2022-11-19,6,1
89,NU1YM,The Golden Store,"11-1 Beverly Hills,Zamboanga City,Zamboanga Peninsula,ZoneIV",218750,Cash on Delivery,completed,1,2022-11-26,6,1
90,DJQ3X,Tailor Industries,"Lot 8 Almond Street,Zamboanga City,Zamboanga Peninsula,Canelar",201250,Credit Card/Debit Card,completed,1,2022-12-03,6,1
91,LB0P0,Tailor Industries,"Lot 8 Almond Street,Zamboanga City,Zamboanga Peninsula,Canelar",201250,Cash on Delivery,completed,1,2022-12-10,6,1
92,4WP5N,The Golden Store,"11-1 Beverly Hills,Zamboanga City,Zamboanga Peninsula,ZoneIV",192500,Credit Card/Debit Card,completed,1,2022-12-17,6,1
93,HWJO0,Tailor Industries,"Lot 8 Almond Street,Zamboanga City,Zamboanga Peninsula,Canelar",192500,Credit Card/Debit Card,completed,1,2022-12-24,6,1
94,CA6OT,The Golden Store,"11-1 Beverly Hills,Zamboanga City,Zamboanga Peninsula,ZoneIV",210000,Cash on Delivery,completed,1,2022-12-31,6,1
95,LN4KL,The Golden Store,"11-1 Beverly Hills,Zamboanga City,Zamboanga Peninsula,ZoneIV",210000,Cash on Delivery,completed,1,2023-01-07,6,1
96,DVYSS,J&D Merchandises,"Blk 02 Shelby Drive,Zamboanga City,Zamboanga Peninsula,Labuan",218750,Credit Card/Debit Card,completed,1,2023-01-14,6,1
97,8S3YN,J&D Merchandises,"Blk 02 Shelby Drive,Zamboanga City,Zamboanga Peninsula,Labuan",210000,Cash on Delivery,completed,1,2023-01-21,6,1
98,NJUZD,J&D Merchandises,"Blk 02 Shelby Drive,Zamboanga City,Zamboanga Peninsula,Labuan",218750,Credit Card/Debit Card,completed,1,2023-01-28,6,1
99,91OFN,The Golden Store,"11-1 Beverly Hills,Zamboanga City,Zamboanga Peninsula,ZoneIV",218750,Credit Card/Debit Card,completed,1,2023-02-04,6,1
100,BBH5X,J&D Merchandises,"Blk 02 Shelby Drive,Zamboanga City,Zamboanga Peninsula,Labuan",210000,Credit Card/Debit Card,completed,1,2023-02-11,6,1
101,15O4G,J&D Merchandises,"Blk 02 Shelby Drive,Zamboanga City,Zamboanga Peninsula,Labuan",218750,Cash on Delivery,completed,1,2023-02-18,6,1
102,L4PBO,J&D Merchandises,"Blk 02 Shelby Drive,Zamboanga City,Zamboanga Peninsula,Labuan",192500,Cash on Delivery,completed,1,2023-02-25,6,1
103,ZBVS8,The Golden Store,"11-1 Beverly Hills,Zamboanga City,Zamboanga Peninsula,ZoneIV",218750,Cash on Delivery,completed,1,2022-11-05,6,1
104,YI5VT,J&D Merchandises,"Blk 02 Shelby Drive,Zamboanga City,Zamboanga Peninsula,Labuan",218750,Credit Card/Debit Card,completed,1,2022-11-12,6,1
105,RHWGS,J&D Merchandises,"Blk 02 Shelby Drive,Zamboanga City,Zamboanga Peninsula,Labuan",210000,Cash on Delivery,completed,1,2022-11-19,6,1
106,FJA0J,Tailor Industries,"Lot 8 Almond Street,Zamboanga City,Zamboanga Peninsula,Canelar",210000,Cash on Delivery,completed,1,2022-11-26,6,1
107,R6XD1,J&D Merchandises,"Blk 02 Shelby Drive,Zamboanga City,Zamboanga Peninsula,Labuan",218750,Cash on Delivery,completed,1,2022-12-03,6,1
108,0QFAM,Tailor Industries,"Lot 8 Almond Street,Zamboanga City,Zamboanga Peninsula,Canelar",192500,Cash on Delivery,completed,1,2022-12-10,6,1
109,L30EX,Tailor Industries,"Lot 8 Almond Street,Zamboanga City,Zamboanga Peninsula,Canelar",192500,Credit Card/Debit Card,completed,1,2022-12-17,6,1
110,KZK35,J&D Merchandises,"Blk 02 Shelby Drive,Zamboanga City,Zamboanga Peninsula,Labuan",218750,Credit Card/Debit Card,completed,1,2022-12-24,6,1
111,QZ2CP,Tailor Industries,"Lot 8 Almond Street,Zamboanga City,Zamboanga Peninsula,Canelar",201250,Cash on Delivery,completed,1,2022-12-31,6,1
112,AO9BT,J&D Merchandises,"Blk 02 Shelby Drive,Zamboanga City,Zamboanga Peninsula,Labuan",201250,Credit Card/Debit Card,completed,1,2023-01-07,6,1
113,P9KWQ,J&D Merchandises,"Blk 02 Shelby Drive,Zamboanga City,Zamboanga Peninsula,Labuan",201250,Credit Card/Debit Card,completed,1,2023-01-14,6,1
114,8OPLU,J&D Merchandises,"Blk 02 Shelby Drive,Zamboanga City,Zamboanga Peninsula,Labuan",218750,Cash on Delivery,completed,1,2023-01-21,6,1
115,OSHTQ,The Golden Store,"11-1 Beverly Hills,Zamboanga City,Zamboanga Peninsula,ZoneIV",210000,Cash on Delivery,completed,1,2023-01-28,6,1
116,BAXUK,The Golden Store,"11-1 Beverly Hills,Zamboanga City,Zamboanga Peninsula,ZoneIV",210000,Credit Card/Debit Card,completed,1,2023-02-04,6,1
117,06HQO,Tailor Industries,"Lot 8 Almond Street,Zamboanga City,Zamboanga Peninsula,Canelar",201250,Cash on Delivery,completed,1,2023-02-11,6,1
118,6CZ7Z,Tailor Industries,"Lot 8 Almond Street,Zamboanga City,Zamboanga Peninsula,Canelar",218750,Credit Card/Debit Card,completed,1,2023-02-18,6,1
119,BOX0X,J&D Merchandises,"Blk 02 Shelby Drive,Zamboanga City,Zamboanga Peninsula,Labuan",218750,Credit Card/Debit Card,completed,1,2023-02-25,6,1
120,A5V3V,The Golden Store,"11-1 Beverly Hills,Zamboanga City,Zamboanga Peninsula,ZoneIV",218750,Credit Card/Debit Card,completed,1,2022-11-05,6,1
121,JNBV9,Tailor Industries,"Lot 8 Almond Street,Zamboanga City,Zamboanga Peninsula,Canelar",210000,Credit Card/Debit Card,completed,1,2022-11-12,6,1
122,OH1Y2,Tailor Industries,"Lot 8 Almond Street,Zamboanga City,Zamboanga Peninsula,Canelar",192500,Credit Card/Debit Card,completed,1,2022-11-19,6,1
123,LSMP5,The Golden Store,"11-1 Beverly Hills,Zamboanga City,Zamboanga Peninsula,ZoneIV",201250,Cash on Delivery,completed,1,2022-11-26,6,1
124,16BVE,Tailor Industries,"Lot 8 Almond Street,Zamboanga City,Zamboanga Peninsula,Canelar",210000,Credit Card/Debit Card,completed,1,2022-12-03,6,1
125,9O6N1,Tailor Industries,"Lot 8 Almond Street,Zamboanga City,Zamboanga Peninsula,Canelar",192500,Cash on Delivery,completed,1,2022-12-10,6,1
126,FB2WT,J&D Merchandises,"Blk 02 Shelby Drive,Zamboanga City,Zamboanga Peninsula,Labuan",210000,Credit Card/Debit Card,completed,1,2022-12-17,6,1
127,4X447,J&D Merchandises,"Blk 02 Shelby Drive,Zamboanga City,Zamboanga Peninsula,Labuan",210000,Cash on Delivery,completed,1,2022-12-24,6,1
128,XIJYE,J&D Merchandises,"Blk 02 Shelby Drive,Zamboanga City,Zamboanga Peninsula,Labuan",192500,Credit Card/Debit Card,completed,1,2022-12-31,6,1
129,FJW9W,Tailor Industries,"Lot 8 Almond Street,Zamboanga City,Zamboanga Peninsula,Canelar",218750,Credit Card/Debit Card,completed,1,2023-01-07,6,1
130,48DKB,The Golden Store,"11-1 Beverly Hills,Zamboanga City,Zamboanga Peninsula,ZoneIV",210000,Cash on Delivery,completed,1,2023-01-14,6,1
131,92ASH,The Golden Store,"11-1 Beverly Hills,Zamboanga City,Zamboanga Peninsula,ZoneIV",192500,Cash on Delivery,completed,1,2023-01-21,6,1
132,Z2DTG,The Golden Store,"11-1 Beverly Hills,Zamboanga City,Zamboanga Peninsula,ZoneIV",201250,Credit Card/Debit Card,completed,1,2023-01-28,6,1
133,GNWDD,Tailor Industries,"Lot 8 Almond Street,Zamboanga City,Zamboanga Peninsula,Canelar",210000,Cash on Delivery,completed,1,2023-02-04,6,1
134,8VXWU,J&D Merchandises,"Blk 02 Shelby Drive,Zamboanga City,Zamboanga Peninsula,Labuan",192500,Cash on Delivery,completed,1,2023-02-11,6,1
135,DG501,The Golden Store,"11-1 Beverly Hills,Zamboanga City,Zamboanga Peninsula,ZoneIV",218750,Credit Card/Debit Card,completed,1,2023-02-18,6,1
136,TVNIC,Tailor Industries,"Lot 8 Almond Street,Zamboanga City,Zamboanga Peninsula,Canelar",192500,Cash on Delivery,completed,1,2023-02-25,6,1
137,Y3YBW,Tailor Industries,"Lot 8 Almond Street,Zamboanga City,Zamboanga Peninsula,Canelar",105000,Credit Card/Debit Card,completed,1,2022-11-12,6,1
138,C5CM7,Tailor Industries,"Lot 8 Almond Street,Zamboanga City,Zamboanga Peninsula,Canelar",157500,Credit Card/Debit Card,completed,1,2022-12-12,6,1
139,9M1GK,J&D Merchandises,"Blk 02 Shelby Drive,Zamboanga City,Zamboanga Peninsula,Labuan",87500,Credit Card/Debit Card,completed,1,2022-12-25,6,1
140,5PMRH,Tailor Industries,"Lot 8 Almond Street,Zamboanga City,Zamboanga Peninsula,Canelar",131250,Cash on Delivery,completed,1,2022-11-12,6,1
141,MCOMX,The Golden Store,"11-1 Beverly Hills,Zamboanga City,Zamboanga Peninsula,ZoneIV",157500,Credit Card/Debit Card,completed,1,2022-11-26,6,1
142,BSF6O,The Golden Store,"11-1 Beverly Hills,Zamboanga City,Zamboanga Peninsula,ZoneIV",131250,Cash on Delivery,completed,1,2022-12-04,6,1
143,943OK,J&D Merchandises,"Blk 02 Shelby Drive,Zamboanga City,Zamboanga Peninsula,Labuan",105000,Credit Card/Debit Card,completed,1,2022-11-20,6,1
144,SEQZT,J&D Merchandises,"Blk 02 Shelby Drive,Zamboanga City,Zamboanga Peninsula,Labuan",87500,Credit Card/Debit Card,completed,1,2022-11-09,6,1
145,AH50U,Tailor Industries,"Lot 8 Almond Street,Zamboanga City,Zamboanga Peninsula,Canelar",87500,Credit Card/Debit Card,completed,1,2022-11-06,6,1
146,1G9FQ,The Golden Store,"11-1 Beverly Hills,Zamboanga City,Zamboanga Peninsula,ZoneIV",105000,Credit Card/Debit Card,completed,1,2023-01-14,6,1
147,QRFO7,J&D Merchandises,"Blk 02 Shelby Drive,Zamboanga City,Zamboanga Peninsula,Labuan",87500,Cash on Delivery,completed,1,2022-11-29,6,1
148,7HMVK,J&D Merchandises,"Blk 02 Shelby Drive,Zamboanga City,Zamboanga Peninsula,Labuan",87500,Credit Card/Debit Card,completed,1,2022-11-27,6,1
149,XRT5F,J&D Merchandises,"Blk 02 Shelby Drive,Zamboanga City,Zamboanga Peninsula,Labuan",131250,Credit Card/Debit Card,completed,1,2022-12-19,6,1
150,BAC5O,The Golden Store,"11-1 Beverly Hills,Zamboanga City,Zamboanga Peninsula,ZoneIV",105000,Cash on Delivery,completed,1,2023-02-20,6,1
151,02CQ0,J&D Merchandises,"Blk 02 Shelby Drive,Zamboanga City,Zamboanga Peninsula,Labuan",105000,Credit Card/Debit Card,completed,1,2023-02-08,6,1
152,92VZR,The Golden Store,"11-1 Beverly Hills,Zamboanga City,Zamboanga Peninsula,ZoneIV",105000,Credit Card/Debit Card,completed,1,2022-12-19,6,1
153,L8S3J,J&D Merchandises,"Blk 02 Shelby Drive,Zamboanga City,Zamboanga Peninsula,Labuan",157500,Credit Card/Debit Card,completed,1,2023-02-07,6,1
154,FBMN5,The Golden Store,"11-1 Beverly Hills,Zamboanga City,Zamboanga Peninsula,ZoneIV",105000,Credit Card/Debit Card,completed,1,2022-11-27,6,1
155,ZU7AS,Tailor Industries,"Lot 8 Almond Street,Zamboanga City,Zamboanga Peninsula,Canelar",105000,Credit Card/Debit Card,completed,1,2022-11-09,6,1
156,YZNYD,The Golden Store,"11-1 Beverly Hills,Zamboanga City,Zamboanga Peninsula,ZoneIV",87500,Credit Card/Debit Card,completed,1,2023-01-01,6,1
157,SN56K,J&D Merchandises,"Blk 02 Shelby Drive,Zamboanga City,Zamboanga Peninsula,Labuan",87500,Cash on Delivery,completed,1,2022-12-04,6,1
158,IT112,The Golden Store,"11-1 Beverly Hills,Zamboanga City,Zamboanga Peninsula,ZoneIV",131250,Cash on Delivery,completed,1,2023-01-16,6,1
159,6HVI8,The Golden Store,"11-1 Beverly Hills,Zamboanga City,Zamboanga Peninsula,ZoneIV",105000,Cash on Delivery,completed,1,2022-11-04,6,1
160,S5NT0,The Golden Store,"11-1 Beverly Hills,Zamboanga City,Zamboanga Peninsula,ZoneIV",157500,Credit Card/Debit Card,completed,1,2022-12-06,6,1
161,ZXQOH,The Golden Store,"11-1 Beverly Hills,Zamboanga City,Zamboanga Peninsula,ZoneIV",131250,Credit Card/Debit Card,completed,1,2022-12-23,6,1
162,DGOH4,J&D Merchandises,"Blk 02 Shelby Drive,Zamboanga City,Zamboanga Peninsula,Labuan",87500,Credit Card/Debit Card,completed,1,2022-12-15,6,1
163,LYYF2,Tailor Industries,"Lot 8 Almond Street,Zamboanga City,Zamboanga Peninsula,Canelar",105000,Credit Card/Debit Card,completed,1,2022-11-14,6,1
164,Q0U16,The Golden Store,"11-1 Beverly Hills,Zamboanga City,Zamboanga Peninsula,ZoneIV",131250,Credit Card/Debit Card,completed,1,2023-02-20,6,1
165,CB5B0,J&D Merchandises,"Blk 02 Shelby Drive,Zamboanga City,Zamboanga Peninsula,Labuan",131250,Credit Card/Debit Card,completed,1,2023-01-20,6,1
166,0IQ6Z,The Golden Store,"11-1 Beverly Hills,Zamboanga City,Zamboanga Peninsula,ZoneIV",157500,Cash on Delivery,completed,1,2022-11-21,6,1
167,VC49L,The Golden Store,"11-1 Beverly Hills,Zamboanga City,Zamboanga Peninsula,ZoneIV",157500,Credit Card/Debit Card,completed,1,2022-11-30,6,1
168,IVEQN,J&D Merchandises,"Blk 02 Shelby Drive,Zamboanga City,Zamboanga Peninsula,Labuan",105000,Cash on Delivery,completed,1,2022-12-26,6,1
169,TD49M,The Golden Store,"11-1 Beverly Hills,Zamboanga City,Zamboanga Peninsula,ZoneIV",131250,Cash on Delivery,completed,1,2023-01-25,6,1
170,KKX5Z,Tailor Industries,"Lot 8 Almond Street,Zamboanga City,Zamboanga Peninsula,Canelar",105000,Cash on Delivery,completed,1,2022-11-05,6,1
171,K7MAE,J&D Merchandises,"Blk 02 Shelby Drive,Zamboanga City,Zamboanga Peninsula,Labuan",105000,Credit Card/Debit Card,completed,1,2023-02-12,6,1
172,KGUF3,J&D Merchandises,"Blk 02 Shelby Drive,Zamboanga City,Zamboanga Peninsula,Labuan",87500,Cash on Delivery,completed,1,2022-11-08,6,1
173,6KSGG,Tailor Industries,"Lot 8 Almond Street,Zamboanga City,Zamboanga Peninsula,Canelar",105000,Credit Card/Debit Card,completed,1,2023-02-17,6,1
174,BCAZX,The Golden Store,"11-1 Beverly Hills,Zamboanga City,Zamboanga Peninsula,ZoneIV",131250,Credit Card/Debit Card,completed,1,2023-02-07,6,1
175,T2O95,Tailor Industries,"Lot 8 Almond Street,Zamboanga City,Zamboanga Peninsula,Canelar",105000,Credit Card/Debit Card,completed,1,2023-02-17,6,1
176,9YFGE,J&D Merchandises,"Blk 02 Shelby Drive,Zamboanga City,Zamboanga Peninsula,Labuan",157500,Credit Card/Debit Card,completed,1,2023-01-24,6,1
177,BTIGQ,The Golden Store,"11-1 Beverly Hills,Zamboanga City,Zamboanga Peninsula,ZoneIV",157500,Credit Card/Debit Card,completed,1,2023-01-19,6,1
178,FGO0O,J&D Merchandises,"Blk 02 Shelby Drive,Zamboanga City,Zamboanga Peninsula,Labuan",105000,Cash on Delivery,completed,1,2022-12-01,6,1
179,E39W7,J&D Merchandises,"Blk 02 Shelby Drive,Zamboanga City,Zamboanga Peninsula,Labuan",87500,Credit Card/Debit Card,completed,1,2022-12-28,6,1
180,RWE4Y,The Golden Store,"11-1 Beverly Hills,Zamboanga City,Zamboanga Peninsula,ZoneIV",87500,Cash on Delivery,completed,1,2022-11-07,6,1
181,DJ2KN,J&D Merchandises,"Blk 02 Shelby Drive,Zamboanga City,Zamboanga Peninsula,Labuan",157500,Cash on Delivery,completed,1,2023-01-13,6,1
182,FYIEI,The Golden Store,"11-1 Beverly Hills,Zamboanga City,Zamboanga Peninsula,ZoneIV",105000,Credit Card/Debit Card,completed,1,2022-12-24,6,1
183,Z52SG,Tailor Industries,"Lot 8 Almond Street,Zamboanga City,Zamboanga Peninsula,Canelar",131250,Credit Card/Debit Card,completed,1,2022-11-07,6,1
184,HNTNT,J&D Merchandises,"Blk 02 Shelby Drive,Zamboanga City,Zamboanga Peninsula,Labuan",87500,Cash on Delivery,completed,1,2023-01-04,6,1
185,AJJ7D,J&D Merchandises,"Blk 02 Shelby Drive,Zamboanga City,Zamboanga Peninsula,Labuan",131250,Credit Card/Debit Card,completed,1,2023-02-01,6,1
186,N7F4M,J&D Merchandises,"Blk 02 Shelby Drive,Zamboanga City,Zamboanga Peninsula,Labuan",157500,Cash on Delivery,completed,1,2023-01-21,6,1
187,NH0L0,The Golden Store,"11-1 Beverly Hills,Zamboanga City,Zamboanga Peninsula,ZoneIV",131250,Credit Card/Debit Card,completed,1,2022-11-12,6,1
188,6IIII,J&D Merchandises,"Blk 02 Shelby Drive,Zamboanga City,Zamboanga Peninsula,Labuan",105000,Cash on Delivery,completed,1,2022-12-12,6,1
189,8UMYG,J&D Merchandises,"Blk 02 Shelby Drive,Zamboanga City,Zamboanga Peninsula,Labuan",131250,Cash on Delivery,completed,1,2022-12-25,6,1
190,NS32G,Tailor Industries,"Lot 8 Almond Street,Zamboanga City,Zamboanga Peninsula,Canelar",87500,Cash on Delivery,completed,1,2022-11-12,6,1
191,485C4,The Golden Store,"11-1 Beverly Hills,Zamboanga City,Zamboanga Peninsula,ZoneIV",157500,Cash on Delivery,completed,1,2022-11-26,6,1
192,OS9VC,J&D Merchandises,"Blk 02 Shelby Drive,Zamboanga City,Zamboanga Peninsula,Labuan",105000,Credit Card/Debit Card,completed,1,2022-12-04,6,1
193,JW1RV,Tailor Industries,"Lot 8 Almond Street,Zamboanga City,Zamboanga Peninsula,Canelar",157500,Credit Card/Debit Card,completed,1,2022-11-20,6,1
194,C8LXX,J&D Merchandises,"Blk 02 Shelby Drive,Zamboanga City,Zamboanga Peninsula,Labuan",157500,Credit Card/Debit Card,completed,1,2022-11-09,6,1
195,E99F6,J&D Merchandises,"Blk 02 Shelby Drive,Zamboanga City,Zamboanga Peninsula,Labuan",131250,Cash on Delivery,completed,1,2022-11-06,6,1
196,JQTYP,Tailor Industries,"Lot 8 Almond Street,Zamboanga City,Zamboanga Peninsula,Canelar",105000,Cash on Delivery,completed,1,2023-01-14,6,1
197,ID5G5,Tailor Industries,"Lot 8 Almond Street,Zamboanga City,Zamboanga Peninsula,Canelar",131250,Credit Card/Debit Card,completed,1,2022-11-29,6,1
198,R4BCY,The Golden Store,"11-1 Beverly Hills,Zamboanga City,Zamboanga Peninsula,ZoneIV",157500,Cash on Delivery,completed,1,2022-11-27,6,1
199,R08VG,J&D Merchandises,"Blk 02 Shelby Drive,Zamboanga City,Zamboanga Peninsula,Labuan",87500,Credit Card/Debit Card,completed,1,2022-12-19,6,1
200,JCVC5,J&D Merchandises,"Blk 02 Shelby Drive,Zamboanga City,Zamboanga Peninsula,Labuan",105000,Cash on Delivery,completed,1,2023-02-20,6,1
201,372Y2,J&D Merchandises,"Blk 02 Shelby Drive,Zamboanga City,Zamboanga Peninsula,Labuan",105000,Cash on Delivery,completed,1,2023-02-08,6,1
202,DWCK5,J&D Merchandises,"Blk 02 Shelby Drive,Zamboanga City,Zamboanga Peninsula,Labuan",87500,Cash on Delivery,completed,1,2022-12-19,6,1
203,1CE8D,The Golden Store,"11-1 Beverly Hills,Zamboanga City,Zamboanga Peninsula,ZoneIV",131250,Credit Card/Debit Card,completed,1,2023-02-07,6,1
204,V2HCI,Tailor Industries,"Lot 8 Almond Street,Zamboanga City,Zamboanga Peninsula,Canelar",105000,Cash on Delivery,completed,1,2022-11-27,6,1
205,PODAR,J&D Merchandises,"Blk 02 Shelby Drive,Zamboanga City,Zamboanga Peninsula,Labuan",87500,Credit Card/Debit Card,completed,1,2022-11-09,6,1
206,ZDC34,Tailor Industries,"Lot 8 Almond Street,Zamboanga City,Zamboanga Peninsula,Canelar",131250,Cash on Delivery,completed,1,2023-01-01,6,1
207,CIT4B,Tailor Industries,"Lot 8 Almond Street,Zamboanga City,Zamboanga Peninsula,Canelar",105000,Cash on Delivery,completed,1,2022-12-04,6,1
208,SFTEX,Tailor Industries,"Lot 8 Almond Street,Zamboanga City,Zamboanga Peninsula,Canelar",157500,Cash on Delivery,completed,1,2023-01-16,6,1
209,PNWO8,Tailor Industries,"Lot 8 Almond Street,Zamboanga City,Zamboanga Peninsula,Canelar",87500,Cash on Delivery,completed,1,2022-11-04,6,1
210,9IYEM,The Golden Store,"11-1 Beverly Hills,Zamboanga City,Zamboanga Peninsula,ZoneIV",105000,Credit Card/Debit Card,completed,1,2022-12-06,6,1
211,DV7IK,J&D Merchandises,"Blk 02 Shelby Drive,Zamboanga City,Zamboanga Peninsula,Labuan",157500,Credit Card/Debit Card,completed,1,2022-12-23,6,1
212,FO9RC,Tailor Industries,"Lot 8 Almond Street,Zamboanga City,Zamboanga Peninsula,Canelar",157500,Cash on Delivery,completed,1,2022-12-15,6,1
213,1O8D4,Tailor Industries,"Lot 8 Almond Street,Zamboanga City,Zamboanga Peninsula,Canelar",157500,Credit Card/Debit Card,completed,1,2022-11-14,6,1
214,KP16O,Tailor Industries,"Lot 8 Almond Street,Zamboanga City,Zamboanga Peninsula,Canelar",105000,Credit Card/Debit Card,completed,1,2023-02-20,6,1
215,QLFFV,J&D Merchandises,"Blk 02 Shelby Drive,Zamboanga City,Zamboanga Peninsula,Labuan",131250,Credit Card/Debit Card,completed,1,2023-01-20,6,1
216,KL6GE,Tailor Industries,"Lot 8 Almond Street,Zamboanga City,Zamboanga Peninsula,Canelar",87500,Credit Card/Debit Card,completed,1,2022-11-21,6,1
217,Z5J28,J&D Merchandises,"Blk 02 Shelby Drive,Zamboanga City,Zamboanga Peninsula,Labuan",105000,Credit Card/Debit Card,completed,1,2022-11-30,6,1
218,GQBY9,The Golden Store,"11-1 Beverly Hills,Zamboanga City,Zamboanga Peninsula,ZoneIV",105000,Credit Card/Debit Card,completed,1,2022-12-26,6,1
219,SJX5P,J&D Merchandises,"Blk 02 Shelby Drive,Zamboanga City,Zamboanga Peninsula,Labuan",87500,Cash on Delivery,completed,1,2023-01-25,6,1
220,MTNG2,The Golden Store,"11-1 Beverly Hills,Zamboanga City,Zamboanga Peninsula,ZoneIV",87500,Credit Card/Debit Card,completed,1,2022-11-05,6,1
221,MEKUJ,The Golden Store,"11-1 Beverly Hills,Zamboanga City,Zamboanga Peninsula,ZoneIV",157500,Cash on Delivery,completed,1,2023-02-12,6,1
222,8QRKL,The Golden Store,"11-1 Beverly Hills,Zamboanga City,Zamboanga Peninsula,ZoneIV",157500,Cash on Delivery,completed,1,2022-11-08,6,1
223,CPG0R,J&D Merchandises,"Blk 02 Shelby Drive,Zamboanga City,Zamboanga Peninsula,Labuan",105000,Credit Card/Debit Card,completed,1,2023-02-17,6,1
224,A6MMX,The Golden Store,"11-1 Beverly Hills,Zamboanga City,Zamboanga Peninsula,ZoneIV",157500,Cash on Delivery,completed,1,2023-02-07,6,1
225,LMA90,J&D Merchandises,"Blk 02 Shelby Drive,Zamboanga City,Zamboanga Peninsula,Labuan",87500,Credit Card/Debit Card,completed,1,2023-02-17,6,1
226,LC8W6,J&D Merchandises,"Blk 02 Shelby Drive,Zamboanga City,Zamboanga Peninsula,Labuan",157500,Cash on Delivery,completed,1,2023-01-24,6,1
227,AJKUZ,J&D Merchandises,"Blk 02 Shelby Drive,Zamboanga City,Zamboanga Peninsula,Labuan",105000,Cash on Delivery,completed,1,2023-01-19,6,1
228,9DVZJ,The Golden Store,"11-1 Beverly Hills,Zamboanga City,Zamboanga Peninsula,ZoneIV",157500,Cash on Delivery,completed,1,2022-12-01,6,1
229,LW8XK,Tailor Industries,"Lot 8 Almond Street,Zamboanga City,Zamboanga Peninsula,Canelar",87500,Cash on Delivery,completed,1,2022-12-28,6,1
230,A27Y5,J&D Merchandises,"Blk 02 Shelby Drive,Zamboanga City,Zamboanga Peninsula,Labuan",105000,Credit Card/Debit Card,completed,1,2022-11-07,6,1
231,I7DNV,Tailor Industries,"Lot 8 Almond Street,Zamboanga City,Zamboanga Peninsula,Canelar",105000,Cash on Delivery,completed,1,2023-01-13,6,1
232,2T135,The Golden Store,"11-1 Beverly Hills,Zamboanga City,Zamboanga Peninsula,ZoneIV",87500,Credit Card/Debit Card,completed,1,2022-12-24,6,1
233,621QG,Tailor Industries,"Lot 8 Almond Street,Zamboanga City,Zamboanga Peninsula,Canelar",157500,Credit Card/Debit Card,completed,1,2022-11-07,6,1
234,1XHFG,J&D Merchandises,"Blk 02 Shelby Drive,Zamboanga City,Zamboanga Peninsula,Labuan",87500,Credit Card/Debit Card,completed,1,2023-01-04,6,1
235,1DPGE,The Golden Store,"11-1 Beverly Hills,Zamboanga City,Zamboanga Peninsula,ZoneIV",157500,Cash on Delivery,completed,1,2023-02-01,6,1
236,4L799,The Golden Store,"11-1 Beverly Hills,Zamboanga City,Zamboanga Peninsula,ZoneIV",131250,Cash on Delivery,completed,1,2023-01-21,6,1
237,1H8XZ,The Golden Store,"11-1 Beverly Hills,Zamboanga City,Zamboanga Peninsula,ZoneIV",105000,Cash on Delivery,completed,1,2022-11-12,6,1
238,NR0KH,Tailor Industries,"Lot 8 Almond Street,Zamboanga City,Zamboanga Peninsula,Canelar",157500,Credit Card/Debit Card,completed,1,2022-12-12,6,1
239,PF0BQ,J&D Merchandises,"Blk 02 Shelby Drive,Zamboanga City,Zamboanga Peninsula,Labuan",87500,Credit Card/Debit Card,completed,1,2022-12-25,6,1
240,XU929,Tailor Industries,"Lot 8 Almond Street,Zamboanga City,Zamboanga Peninsula,Canelar",87500,Credit Card/Debit Card,completed,1,2022-11-12,6,1
241,BTHSI,J&D Merchandises,"Blk 02 Shelby Drive,Zamboanga City,Zamboanga Peninsula,Labuan",105000,Cash on Delivery,completed,1,2022-11-26,6,1
242,TNTD3,J&D Merchandises,"Blk 02 Shelby Drive,Zamboanga City,Zamboanga Peninsula,Labuan",131250,Credit Card/Debit Card,completed,1,2022-12-04,6,1
243,OM0EQ,J&D Merchandises,"Blk 02 Shelby Drive,Zamboanga City,Zamboanga Peninsula,Labuan",105000,Credit Card/Debit Card,completed,1,2022-11-20,6,1
244,6LYS2,The Golden Store,"11-1 Beverly Hills,Zamboanga City,Zamboanga Peninsula,ZoneIV",131250,Credit Card/Debit Card,completed,1,2022-11-09,6,1
245,YAKCB,Tailor Industries,"Lot 8 Almond Street,Zamboanga City,Zamboanga Peninsula,Canelar",105000,Credit Card/Debit Card,completed,1,2022-11-06,6,1
246,0WX2K,The Golden Store,"11-1 Beverly Hills,Zamboanga City,Zamboanga Peninsula,ZoneIV",87500,Cash on Delivery,completed,1,2023-01-14,6,1
247,P7TF4,Tailor Industries,"Lot 8 Almond Street,Zamboanga City,Zamboanga Peninsula,Canelar",157500,Credit Card/Debit Card,completed,1,2022-11-29,6,1
248,VW9JJ,J&D Merchandises,"Blk 02 Shelby Drive,Zamboanga City,Zamboanga Peninsula,Labuan",105000,Cash on Delivery,completed,1,2022-11-27,6,1
249,4XXN5,J&D Merchandises,"Blk 02 Shelby Drive,Zamboanga City,Zamboanga Peninsula,Labuan",131250,Credit Card/Debit Card,completed,1,2022-12-19,6,1
250,HV9FA,Tailor Industries,"Lot 8 Almond Street,Zamboanga City,Zamboanga Peninsula,Canelar",131250,Credit Card/Debit Card,completed,1,2023-02-20,6,1
251,DQHQJ,Tailor Industries,"Lot 8 Almond Street,Zamboanga City,Zamboanga Peninsula,Canelar",157500,Cash on Delivery,completed,1,2023-02-08,6,1
252,EEMXF,Tailor Industries,"Lot 8 Almond Street,Zamboanga City,Zamboanga Peninsula,Canelar",87500,Credit Card/Debit Card,completed,1,2022-12-19,6,1
253,F76ZS,The Golden Store,"11-1 Beverly Hills,Zamboanga City,Zamboanga Peninsula,ZoneIV",131250,Credit Card/Debit Card,completed,1,2023-02-07,6,1
254,OD6ID,Tailor Industries,"Lot 8 Almond Street,Zamboanga City,Zamboanga Peninsula,Canelar",105000,Credit Card/Debit Card,completed,1,2022-11-27,6,1
255,HJB43,Tailor Industries,"Lot 8 Almond Street,Zamboanga City,Zamboanga Peninsula,Canelar",157500,Cash on Delivery,completed,1,2022-11-09,6,1
256,30HVM,Tailor Industries,"Lot 8 Almond Street,Zamboanga City,Zamboanga Peninsula,Canelar",157500,Credit Card/Debit Card,completed,1,2023-01-01,6,1
257,G2QYV,J&D Merchandises,"Blk 02 Shelby Drive,Zamboanga City,Zamboanga Peninsula,Labuan",131250,Cash on Delivery,completed,1,2022-12-04,6,1
258,BYD0J,Tailor Industries,"Lot 8 Almond Street,Zamboanga City,Zamboanga Peninsula,Canelar",157500,Credit Card/Debit Card,completed,1,2023-01-16,6,1
259,MCX4R,J&D Merchandises,"Blk 02 Shelby Drive,Zamboanga City,Zamboanga Peninsula,Labuan",105000,Credit Card/Debit Card,completed,1,2022-11-04,6,1
260,HJ584,The Golden Store,"11-1 Beverly Hills,Zamboanga City,Zamboanga Peninsula,ZoneIV",87500,Cash on Delivery,completed,1,2022-12-06,6,1
261,SEV4V,The Golden Store,"11-1 Beverly Hills,Zamboanga City,Zamboanga Peninsula,ZoneIV",87500,Credit Card/Debit Card,completed,1,2022-12-23,6,1
262,3GGZH,The Golden Store,"11-1 Beverly Hills,Zamboanga City,Zamboanga Peninsula,ZoneIV",105000,Cash on Delivery,completed,1,2022-12-15,6,1
263,EFKWS,Tailor Industries,"Lot 8 Almond Street,Zamboanga City,Zamboanga Peninsula,Canelar",157500,Cash on Delivery,completed,1,2022-11-14,6,1
264,CFMRA,Tailor Industries,"Lot 8 Almond Street,Zamboanga City,Zamboanga Peninsula,Canelar",87500,Cash on Delivery,completed,1,2023-02-20,6,1
265,KFXC8,Tailor Industries,"Lot 8 Almond Street,Zamboanga City,Zamboanga Peninsula,Canelar",105000,Cash on Delivery,completed,1,2023-01-20,6,1
266,JMJ8L,The Golden Store,"11-1 Beverly Hills,Zamboanga City,Zamboanga Peninsula,ZoneIV",131250,Credit Card/Debit Card,completed,1,2022-11-21,6,1
267,LUV7Y,The Golden Store,"11-1 Beverly Hills,Zamboanga City,Zamboanga Peninsula,ZoneIV",105000,Cash on Delivery,completed,1,2022-11-30,6,1
268,36RVC,J&D Merchandises,"Blk 02 Shelby Drive,Zamboanga City,Zamboanga Peninsula,Labuan",105000,Credit Card/Debit Card,completed,1,2022-12-26,6,1
269,3CWSV,The Golden Store,"11-1 Beverly Hills,Zamboanga City,Zamboanga Peninsula,ZoneIV",105000,Cash on Delivery,completed,1,2023-01-25,6,1
270,EOHVO,J&D Merchandises,"Blk 02 Shelby Drive,Zamboanga City,Zamboanga Peninsula,Labuan",105000,Cash on Delivery,completed,1,2022-11-05,6,1
271,1NMW1,The Golden Store,"11-1 Beverly Hills,Zamboanga City,Zamboanga Peninsula,ZoneIV",105000,Credit Card/Debit Card,completed,1,2023-02-12,6,1
272,KCDSK,The Golden Store,"11-1 Beverly Hills,Zamboanga City,Zamboanga Peninsula,ZoneIV",131250,Cash on Delivery,completed,1,2022-11-08,6,1
273,27483,J&D Merchandises,"Blk 02 Shelby Drive,Zamboanga City,Zamboanga Peninsula,Labuan",105000,Cash on Delivery,completed,1,2023-02-17,6,1
274,G0D5T,Tailor Industries,"Lot 8 Almond Street,Zamboanga City,Zamboanga Peninsula,Canelar",105000,Credit Card/Debit Card,completed,1,2023-02-07,6,1
275,NJ7UN,J&D Merchandises,"Blk 02 Shelby Drive,Zamboanga City,Zamboanga Peninsula,Labuan",105000,Credit Card/Debit Card,completed,1,2023-02-17,6,1
276,2CGSG,Tailor Industries,"Lot 8 Almond Street,Zamboanga City,Zamboanga Peninsula,Canelar",131250,Credit Card/Debit Card,completed,1,2023-01-24,6,1
277,BL2PR,J&D Merchandises,"Blk 02 Shelby Drive,Zamboanga City,Zamboanga Peninsula,Labuan",131250,Credit Card/Debit Card,completed,1,2023-01-19,6,1
278,Q06F1,J&D Merchandises,"Blk 02 Shelby Drive,Zamboanga City,Zamboanga Peninsula,Labuan",105000,Credit Card/Debit Card,completed,1,2022-12-01,6,1
279,T4E4V,The Golden Store,"11-1 Beverly Hills,Zamboanga City,Zamboanga Peninsula,ZoneIV",157500,Cash on Delivery,completed,1,2022-12-28,6,1
280,A3HC6,Tailor Industries,"Lot 8 Almond Street,Zamboanga City,Zamboanga Peninsula,Canelar",105000,Credit Card/Debit Card,completed,1,2022-11-07,6,1
281,X6IZ4,The Golden Store,"11-1 Beverly Hills,Zamboanga City,Zamboanga Peninsula,ZoneIV",87500,Credit Card/Debit Card,completed,1,2023-01-13,6,1
282,23R16,J&D Merchandises,"Blk 02 Shelby Drive,Zamboanga City,Zamboanga Peninsula,Labuan",157500,Credit Card/Debit Card,completed,1,2022-12-24,6,1
283,9LUE1,J&D Merchandises,"Blk 02 Shelby Drive,Zamboanga City,Zamboanga Peninsula,Labuan",157500,Cash on Delivery,completed,1,2022-11-07,6,1
284,ME9G0,The Golden Store,"11-1 Beverly Hills,Zamboanga City,Zamboanga Peninsula,ZoneIV",105000,Cash on Delivery,completed,1,2023-01-04,6,1
285,RBF3S,The Golden Store,"11-1 Beverly Hills,Zamboanga City,Zamboanga Peninsula,ZoneIV",87500,Credit Card/Debit Card,completed,1,2023-02-01,6,1
286,AGVQG,Tailor Industries,"Lot 8 Almond Street,Zamboanga City,Zamboanga Peninsula,Canelar",105000,Credit Card/Debit Card,completed,1,2023-01-21,6,1
287,FZBU2,J&D Merchandises,"Blk 02 Shelby Drive,Zamboanga City,Zamboanga Peninsula,Labuan",87500,Cash on Delivery,completed,1,2022-11-12,6,1
288,H4W52,J&D Merchandises,"Blk 02 Shelby Drive,Zamboanga City,Zamboanga Peninsula,Labuan",87500,Credit Card/Debit Card,completed,1,2022-12-12,6,1
289,MTDOF,J&D Merchandises,"Blk 02 Shelby Drive,Zamboanga City,Zamboanga Peninsula,Labuan",105000,Cash on Delivery,completed,1,2022-12-25,6,1
290,TLR6B,Tailor Industries,"Lot 8 Almond Street,Zamboanga City,Zamboanga Peninsula,Canelar",157500,Cash on Delivery,completed,1,2022-11-12,6,1
291,U5F30,The Golden Store,"11-1 Beverly Hills,Zamboanga City,Zamboanga Peninsula,ZoneIV",105000,Cash on Delivery,completed,1,2022-11-26,6,1
292,TKIO3,Tailor Industries,"Lot 8 Almond Street,Zamboanga City,Zamboanga Peninsula,Canelar",157500,Cash on Delivery,completed,1,2022-12-04,6,1
293,WQ2MR,Tailor Industries,"Lot 8 Almond Street,Zamboanga City,Zamboanga Peninsula,Canelar",131250,Credit Card/Debit Card,completed,1,2022-11-20,6,1
294,HSPRR,Tailor Industries,"Lot 8 Almond Street,Zamboanga City,Zamboanga Peninsula,Canelar",87500,Cash on Delivery,completed,1,2022-11-09,6,1
295,ANJYI,Tailor Industries,"Lot 8 Almond Street,Zamboanga City,Zamboanga Peninsula,Canelar",105000,Credit Card/Debit Card,completed,1,2022-11-06,6,1
296,GYF0J,J&D Merchandises,"Blk 02 Shelby Drive,Zamboanga City,Zamboanga Peninsula,Labuan",87500,Credit Card/Debit Card,completed,1,2023-01-14,6,1
297,9N95N,J&D Merchandises,"Blk 02 Shelby Drive,Zamboanga City,Zamboanga Peninsula,Labuan",157500,Cash on Delivery,completed,1,2022-11-29,6,1
298,UPMI2,The Golden Store,"11-1 Beverly Hills,Zamboanga City,Zamboanga Peninsula,ZoneIV",105000,Cash on Delivery,completed,1,2022-11-27,6,1
299,VBP3U,Tailor Industries,"Lot 8 Almond Street,Zamboanga City,Zamboanga Peninsula,Canelar",157500,Credit Card/Debit Card,completed,1,2022-12-19,6,1
300,GO3WQ,The Golden Store,"11-1 Beverly Hills,Zamboanga City,Zamboanga Peninsula,ZoneIV",87500,Cash on Delivery,completed,1,2023-02-20,6,1
301,UKH81,The Golden Store,"11-1 Beverly Hills,Zamboanga City,Zamboanga Peninsula,ZoneIV",157500,Cash on Delivery,completed,1,2023-02-08,6,1
302,XTN93,J&D Merchandises,"Blk 02 Shelby Drive,Zamboanga City,Zamboanga Peninsula,Labuan",87500,Cash on Delivery,completed,1,2022-12-19,6,1
303,796KA,J&D Merchandises,"Blk 02 Shelby Drive,Zamboanga City,Zamboanga Peninsula,Labuan",87500,Cash on Delivery,completed,1,2023-02-07,6,1
304,6VL60,J&D Merchandises,"Blk 02 Shelby Drive,Zamboanga City,Zamboanga Peninsula,Labuan",131250,Cash on Delivery,completed,1,2022-11-27,6,1
305,6GCTJ,J&D Merchandises,"Blk 02 Shelby Drive,Zamboanga City,Zamboanga Peninsula,Labuan",157500,Credit Card/Debit Card,completed,1,2022-11-09,6,1
306,ZWCG2,The Golden Store,"11-1 Beverly Hills,Zamboanga City,Zamboanga Peninsula,ZoneIV",157500,Cash on Delivery,completed,1,2023-01-01,6,1
307,ND0NL,J&D Merchandises,"Blk 02 Shelby Drive,Zamboanga City,Zamboanga Peninsula,Labuan",131250,Cash on Delivery,completed,1,2022-12-04,6,1
308,J910A,Tailor Industries,"Lot 8 Almond Street,Zamboanga City,Zamboanga Peninsula,Canelar",87500,Credit Card/Debit Card,completed,1,2023-01-16,6,1
309,BAKJN,J&D Merchandises,"Blk 02 Shelby Drive,Zamboanga City,Zamboanga Peninsula,Labuan",131250,Credit Card/Debit Card,completed,1,2022-11-04,6,1
310,PA9GZ,Tailor Industries,"Lot 8 Almond Street,Zamboanga City,Zamboanga Peninsula,Canelar",87500,Cash on Delivery,completed,1,2022-12-06,6,1
311,4K47W,The Golden Store,"11-1 Beverly Hills,Zamboanga City,Zamboanga Peninsula,ZoneIV",87500,Cash on Delivery,completed,1,2022-12-23,6,1
312,RB6QZ,The Golden Store,"11-1 Beverly Hills,Zamboanga City,Zamboanga Peninsula,ZoneIV",105000,Cash on Delivery,completed,1,2022-12-15,6,1
313,Q6F4S,J&D Merchandises,"Blk 02 Shelby Drive,Zamboanga City,Zamboanga Peninsula,Labuan",157500,Credit Card/Debit Card,completed,1,2022-11-14,6,1
314,8PEZD,J&D Merchandises,"Blk 02 Shelby Drive,Zamboanga City,Zamboanga Peninsula,Labuan",157500,Credit Card/Debit Card,completed,1,2023-02-20,6,1
315,JAC64,Tailor Industries,"Lot 8 Almond Street,Zamboanga City,Zamboanga Peninsula,Canelar",157500,Credit Card/Debit Card,completed,1,2023-01-20,6,1
316,91IF2,Tailor Industries,"Lot 8 Almond Street,Zamboanga City,Zamboanga Peninsula,Canelar",157500,Credit Card/Debit Card,completed,1,2022-11-21,6,1
317,IC99K,J&D Merchandises,"Blk 02 Shelby Drive,Zamboanga City,Zamboanga Peninsula,Labuan",157500,Credit Card/Debit Card,completed,1,2022-11-30,6,1
318,VKLY4,The Golden Store,"11-1 Beverly Hills,Zamboanga City,Zamboanga Peninsula,ZoneIV",87500,Credit Card/Debit Card,completed,1,2022-12-26,6,1
319,BM0CD,J&D Merchandises,"Blk 02 Shelby Drive,Zamboanga City,Zamboanga Peninsula,Labuan",87500,Cash on Delivery,completed,1,2023-01-25,6,1
320,LVDZZ,Tailor Industries,"Lot 8 Almond Street,Zamboanga City,Zamboanga Peninsula,Canelar",131250,Credit Card/Debit Card,completed,1,2022-11-05,6,1
321,OFH9K,The Golden Store,"11-1 Beverly Hills,Zamboanga City,Zamboanga Peninsula,ZoneIV",87500,Cash on Delivery,completed,1,2023-02-12,6,1
322,OM29T,J&D Merchandises,"Blk 02 Shelby Drive,Zamboanga City,Zamboanga Peninsula,Labuan",157500,Cash on Delivery,completed,1,2022-11-08,6,1
323,54KYU,The Golden Store,"11-1 Beverly Hills,Zamboanga City,Zamboanga Peninsula,ZoneIV",87500,Cash on Delivery,completed,1,2023-02-17,6,1
324,P9EG6,J&D Merchandises,"Blk 02 Shelby Drive,Zamboanga City,Zamboanga Peninsula,Labuan",157500,Cash on Delivery,completed,1,2023-02-07,6,1
325,A25YK,Tailor Industries,"Lot 8 Almond Street,Zamboanga City,Zamboanga Peninsula,Canelar",131250,Cash on Delivery,completed,1,2023-02-17,6,1
326,R13PP,Tailor Industries,"Lot 8 Almond Street,Zamboanga City,Zamboanga Peninsula,Canelar",87500,Cash on Delivery,completed,1,2023-01-24,6,1
327,5U9PF,The Golden Store,"11-1 Beverly Hills,Zamboanga City,Zamboanga Peninsula,ZoneIV",131250,Cash on Delivery,completed,1,2023-01-19,6,1
328,I5T9N,J&D Merchandises,"Blk 02 Shelby Drive,Zamboanga City,Zamboanga Peninsula,Labuan",105000,Credit Card/Debit Card,completed,1,2022-12-01,6,1
329,56AQT,Tailor Industries,"Lot 8 Almond Street,Zamboanga City,Zamboanga Peninsula,Canelar",131250,Credit Card/Debit Card,completed,1,2022-12-28,6,1
330,F19TX,J&D Merchandises,"Blk 02 Shelby Drive,Zamboanga City,Zamboanga Peninsula,Labuan",87500,Cash on Delivery,completed,1,2022-11-07,6,1
331,XOAOT,The Golden Store,"11-1 Beverly Hills,Zamboanga City,Zamboanga Peninsula,ZoneIV",131250,Cash on Delivery,completed,1,2023-01-13,6,1
332,2SOZI,The Golden Store,"11-1 Beverly Hills,Zamboanga City,Zamboanga Peninsula,ZoneIV",87500,Cash on Delivery,completed,1,2022-12-24,6,1
333,JMD1R,Tailor Industries,"Lot 8 Almond Street,Zamboanga City,Zamboanga Peninsula,Canelar",105000,Credit Card/Debit Card,completed,1,2022-11-07,6,1
334,5NRFH,The Golden Store,"11-1 Beverly Hills,Zamboanga City,Zamboanga Peninsula,ZoneIV",131250,Cash on Delivery,completed,1,2023-01-04,6,1
335,7DM3U,The Golden Store,"11-1 Beverly Hills,Zamboanga City,Zamboanga Peninsula,ZoneIV",131250,Credit Card/Debit Card,completed,1,2023-02-01,6,1